<pkg-contents spec="1.12"><f n="usr" o="root" g="wheel" p="16877" pt="/private/tmp/bigmc/usr" m="false" t="file"><f n="local" o="root" g="admin" p="16893"><f n="bigmc" o="root" g="admin" p="16893"><f n="bin" o="root" g="admin" p="16893"><f n="bigmc" o="root" g="admin" p="33277"><mod>mode</mod></f><mod>mode</mod></f><f n="conf" o="root" g="admin" p="16893"><f n="bigmc.conf" o="root" g="admin" p="33204"><mod>mode</mod></f><mod>mode</mod></f><f n="doc" o="root" g="admin" p="16893"><f n="examples" o="root" g="admin" p="16893"><f n="airport.bgm" o="root" g="admin" p="33204"><mod>mode</mod></f><f n="airport2.bgm" o="root" g="admin" p="33204"><mod>mode</mod></f><f n="ccs.bgm" o="root" g="admin" p="33204"><mod>mode</mod></f><f n="ccs2.bgm" o="root" g="admin" p="33204"><mod>mode</mod></f><f n="dining.bgm" o="root" g="admin" p="33204"><mod>mode</mod></f><f n="dining_mutex.bgm" o="root" g="admin" p="33204"><mod>mode</mod></f><f n="diverge.bgm" o="root" g="admin" p="33204"><mod>mode</mod></f><f n="diverge_prop.bgm" o="root" g="admin" p="33204"><mod>mode</mod></f><f n="foo.bgm" o="root" g="admin" p="33204"><mod>mode</mod></f><f n="foo2.bgm" o="root" g="admin" p="33204"><mod>mode</mod></f><f n="foo3.bgm" o="root" g="admin" p="33204"><mod>mode</mod></f><f n="hole.bgm" o="root" g="admin" p="33204"><mod>mode</mod></f><f n="link.bgm" o="root" g="admin" p="33204"><mod>mode</mod></f><f n="match.bgm" o="root" g="admin" p="33204"><mod>mode</mod></f><f n="nil.bgm" o="root" g="admin" p="33204"><mod>mode</mod></f><f n="notify.bgm" o="root" g="admin" p="33204"><mod>mode</mod></f><f n="par.bgm" o="root" g="admin" p="33204"><mod>mode</mod></f><f n="par2.bgm" o="root" g="admin" p="33204"><mod>mode</mod></f><f n="prop.bgm" o="root" g="admin" p="33204"><mod>mode</mod></f><f n="subtree.bgm" o="root" g="admin" p="33204"><mod>mode</mod></f><f n="terminal.bgm" o="root" g="admin" p="33204"><mod>mode</mod></f><f n="unordered_subtree.bgm" o="root" g="admin" p="33204"><mod>mode</mod></f><f n="wide.bgm" o="root" g="admin" p="33204"><mod>mode</mod></f><f n="wide2.bgm" o="root" g="admin" p="33204"><mod>mode</mod></f><f n="wide3.bgm" o="root" g="admin" p="33204"><mod>mode</mod></f><mod>mode</mod></f><f n="theory" o="root" g="admin" p="16893"><f n="match.sml" o="root" g="admin" p="33204"><mod>mode</mod></f><mod>mode</mod></f><mod>mode</mod></f><f n="lib" o="root" g="admin" p="16893"><f n="pred_empty.0.so" o="root" g="admin" p="33277"><mod>mode</mod></f><f n="pred_empty.a" o="root" g="admin" p="33204"><mod>mode</mod></f><f n="pred_empty.la" o="root" g="admin" p="33277"><mod>mode</mod></f><f n="pred_empty.so" o="root" g="admin" p="41469"><mod>mode</mod></f><f n="pred_equal.0.so" o="root" g="admin" p="33277"><mod>mode</mod></f><f n="pred_equal.a" o="root" g="admin" p="33204"><mod>mode</mod></f><f n="pred_equal.la" o="root" g="admin" p="33277"><mod>mode</mod></f><f n="pred_equal.so" o="root" g="admin" p="41469"><mod>mode</mod></f><f n="pred_matches.0.so" o="root" g="admin" p="33277"><mod>mode</mod></f><f n="pred_matches.a" o="root" g="admin" p="33204"><mod>mode</mod></f><f n="pred_matches.la" o="root" g="admin" p="33277"><mod>mode</mod></f><f n="pred_matches.so" o="root" g="admin" p="41469"><mod>mode</mod></f><f n="pred_size.0.so" o="root" g="admin" p="33277"><mod>mode</mod></f><f n="pred_size.a" o="root" g="admin" p="33204"><mod>mode</mod></f><f n="pred_size.la" o="root" g="admin" p="33277"><mod>mode</mod></f><f n="pred_size.so" o="root" g="admin" p="41469"><mod>mode</mod></f><f n="pred_terminal.0.so" o="root" g="admin" p="33277"><mod>mode</mod></f><f n="pred_terminal.a" o="root" g="admin" p="33204"><mod>mode</mod></f><f n="pred_terminal.la" o="root" g="admin" p="33277"><mod>mode</mod></f><f n="pred_terminal.so" o="root" g="admin" p="41469"><mod>mode</mod></f><f n="pred_terminal_contains.0.so" o="root" g="admin" p="33277"><mod>mode</mod></f><f n="pred_terminal_contains.a" o="root" g="admin" p="33204"><mod>mode</mod></f><f n="pred_terminal_contains.la" o="root" g="admin" p="33277"><mod>mode</mod></f><f n="pred_terminal_contains.so" o="root" g="admin" p="41469"><mod>mode</mod></f><mod>mode</mod></f><f n="share" o="root" g="admin" p="16893"><f n="info" o="root" g="admin" p="16893"><f n="bigmc.info" o="root" g="admin" p="33204"><mod>mode</mod></f><f n="dir" o="root" g="admin" p="33204"><mod>mode</mod></f><mod>mode</mod></f><f n="man" o="root" g="admin" p="16893"><f n="man1" o="root" g="admin" p="16893"><f n="bigmc.1" o="root" g="admin" p="33204"><mod>mode</mod></f><mod>mode</mod></f><mod>mode</mod></f><mod>mode</mod></f><mod>mode</mod></f><mod>mode</mod></f><mod>owner</mod></f></pkg-contents>